名前,画像,場所,日時,Lat,Lng
カブトムシ,,,,,
ナナホシテントウ,,,,,
アブラゼミ,,,,,
クロゴキブリ,,,,,
モンシロチョウ,,,,,
モンキチョウ,,,,,
ヒメスズメバチ,,,,,
オオスズメバチ,,,,,
ニホンミツバチ,,,,,
オオマルハナバチ,,,,,
ザリガニ,,,,,
ダンゴムシ,,,,,
ウスバキトンボ,,,,,
ショウリョウバッタ,,,,,
カマキリ,,,,,
アマガエル,,,,,
ニホンイモリ,,,,,
ヤモリ,,,,,
ヘビ,,,,,
イオウイロハシリグモ,,,,,
ナガコガネグモ,,,,,
アカミミガメ,,,,,
トビズムカデ,,,,,
ヤマタニシ,,,,,
オオカバマダラ,,,,,
カモメ,,,,,
サワガニ,,,,,
ハト,,,,,
アライグマ,,,,,
ニホンジカ,,,,,
スズメ,,,,,
ネズミ,,,,,
フクロウアカアシモリ,,,,,
ニホンザル,,,,,
ヒツジ,,,,,
モルモット,,,,,
ウサギ,,,,,
ニワトリ,,,,,
キタキツネ,,,,,
ペンギン,,,,,
ミミズ,,,,,
コールダック,,,,,
コイ,,,,,
ヒグマ,,,,,
ヤマネ,,,,,
モグラ,,,,,
サギ,,,,,
ヤドカリ,,,,,
ヒアリ,,,,,
キンギョ,,,,,